product_id,store_id,brand_id,WMAPE
1,0,0,0.7326232568354013
3,2,0,0.6419279907084785
0,1,0,0.6189323186901879
4,0,1,0.6166419019316494
2,0,1,0.6113718214558551
